<?xml version="1.0"?>
<sprite>

	<imageset name="base" src="graphics/sprites/monstro-dragao.png" width="80" height="72" />

	<action name="stand" imageset="base">
		<animation direction="down">
			<frame index="0" delay="100" offsetY="0"/>
			<frame index="0" delay="100" offsetY="1"/>
			<frame index="0" delay="100" offsetY="2"/>
			<frame index="0" delay="100" offsetY="3"/>
			<frame index="1" delay="100" offsetY="4"/>
			<frame index="1" delay="100" offsetY="3"/>
			<frame index="1" delay="100" offsetY="2"/>
			<frame index="1" delay="100" offsetY="1"/>
		</animation>
		<animation direction="left">
			<frame index="5" delay="100" offsetY="0"/>
			<frame index="5" delay="100" offsetY="1"/>
			<frame index="5" delay="100" offsetY="2"/>
			<frame index="5" delay="100" offsetY="3"/>
			<frame index="6" delay="100" offsetY="4"/>
			<frame index="6" delay="100" offsetY="3"/>
			<frame index="6" delay="100" offsetY="2"/>
			<frame index="6" delay="100" offsetY="1"/>
		</animation>
		<animation direction="up">
			<frame index="10" delay="100" offsetY="0"/>
			<frame index="10" delay="100" offsetY="1"/>
			<frame index="10" delay="100" offsetY="2"/>
			<frame index="10" delay="100" offsetY="3"/>
			<frame index="11" delay="100" offsetY="4"/>
			<frame index="11" delay="100" offsetY="3"/>
			<frame index="11" delay="100" offsetY="2"/>
			<frame index="11" delay="100" offsetY="1"/>
		</animation>
		<animation direction="right">
			<frame index="15" delay="100" offsetY="0"/>
			<frame index="15" delay="100" offsetY="1"/>
			<frame index="15" delay="100" offsetY="2"/>
			<frame index="15" delay="100" offsetY="3"/>
			<frame index="16" delay="100" offsetY="4"/>
			<frame index="16" delay="100" offsetY="3"/>
			<frame index="16" delay="100" offsetY="2"/>
			<frame index="16" delay="100" offsetY="1"/>
		</animation>
	</action>

	<action name="attack" imageset="base">
		<animation direction="down">
			<frame index="2" delay="150" />
			<frame index="3" delay="75" />
			<frame index="3" delay="75" offsetY="1" />
			<frame index="3" delay="75" offsetY="2" />
			<end />
		</animation>
		<animation direction="left">
			<frame index="7" delay="150" />
			<frame index="8" delay="75" />
			<frame index="8" delay="75" offsetY="1" />
			<frame index="8" delay="75" offsetY="2" />
			<end />
		</animation>
		<animation direction="up">
			<frame index="12" delay="150" />
			<frame index="13" delay="75" />
			<frame index="13" delay="75" offsetY="1" />
			<frame index="13" delay="75" offsetY="2" />
			<end />
		</animation>
		<animation direction="right">
			<frame index="17" delay="150" />
			<frame index="18" delay="75" />
			<frame index="18" delay="75" offsetY="1" />
			<frame index="18" delay="75" offsetY="2" />
			<end />
		</animation>
	</action>

	<action name="dead" imageset="base">
		<animation direction="down">
			<frame index="4" />
			<end />
		</animation>
	</action>

</sprite>
