<?xml version="1.0"?>
<sprite>

	<imageset name="base" src="graphics/sprites/monstro-cabecao-abobora.png" width="49" height="60"/>

	<action name="stand" imageset="base">
		<animation direction="down">
			<frame index="0" delay="1500"/>
			<frame index="1" delay="200"/>
		</animation>
		<animation direction="left">
			<frame index="4" delay="1500"/>
			<frame index="5" delay="200"/>
		</animation>
		<animation direction="up">
			<frame index="12" delay="1500"/>
			<frame index="13" delay="200"/>
		</animation>
		<animation direction="right">
			<frame index="8" delay="1500"/>
			<frame index="9" delay="200"/>
		</animation>
	</action>

	<action name="attack" imageset="base">
		<animation direction="down">
			<frame index="3" delay="500"/>
			<end/>
		</animation>
		<animation direction="left">
			<frame index="7" delay="500"/>
			<end/>
		</animation>
		<animation direction="up">
			<frame index="15" delay="500"/>
			<end/>
		</animation>
		<animation direction="right">
			<frame index="11" delay="500"/>
			<end/>
		</animation>
	</action>

	<action name="dead" imageset="base">
		<animation>
			<sequence start="16" end="22" delay="100"/>
			<frame index="23"/>
			<end/>
		</animation>
	</action>

</sprite>
